{"cameraMode":{"drawMode":0,"name":"Shaded","section":"Shading Mode"},"sceneLighting":true,"audioPlay":false,"sceneViewState":{"m_AlwaysRefresh":false,"showFog":true,"showSkybox":true,"showFlares":true,"showImageEffects":true,"showParticleSystems":true,"showVisualEffectGraphs":true,"m_FxEnabled":true},"in2DMode":false,"pivot":{"x":0.19885706901550294,"y":0.7004376649856567,"z":-0.728402853012085},"rotation":{"x":-0.07406891137361527,"y":0.9143424034118652,"z":-0.19518138468265534,"w":-0.3469817042350769},"size":5.993242263793945,"orthographic":false}