{"cameraMode":{"drawMode":0,"name":"Shaded","section":"Shading Mode"},"sceneLighting":true,"audioPlay":false,"sceneViewState":{"m_AlwaysRefresh":false,"showFog":true,"showSkybox":true,"showFlares":true,"showImageEffects":true,"showParticleSystems":true,"showVisualEffectGraphs":true,"m_FxEnabled":true},"in2DMode":false,"pivot":{"x":0.30074453353881838,"y":-0.37143468856811526,"z":-1.8256490230560303},"rotation":{"x":-0.07899264991283417,"y":0.9060147404670715,"z":-0.19482511281967164,"w":-0.36734747886657717},"size":3.9362943172454836,"orthographic":false}